<?xml version="1.0" encoding="UTF-8"?>
<project-private xmlns="http://www.netbeans.org/ns/project-private/1">
    <editor-bookmarks xmlns="http://www.netbeans.org/ns/editor-bookmarks/2" lastBookmarkId="0"/>
    <open-files xmlns="http://www.netbeans.org/ns/projectui-open-files/2">
        <group>
            <file>file:/C:/xampp/htdocs/board_update.php</file>
            <file>file:/C:/xampp/htdocs/index.php</file>
            <file>file:/C:/xampp/htdocs/css/kcc_style.css</file>
            <file>file:/C:/xampp/htdocs/login.php</file>
            <file>file:/C:/xampp/htdocs/write.php</file>
            <file>file:/C:/xampp/htdocs/inc/header.php</file>
            <file>file:/C:/xampp/htdocs/sub1.php</file>
            <file>file:/C:/xampp/htdocs/inc/dbcon.php</file>
            <file>file:/C:/xampp/htdocs/insert.php</file>
            <file>file:/C:/xampp/htdocs/board_insert.php</file>
            <file>file:/C:/xampp/htdocs/logout.php</file>
            <file>file:/C:/xampp/htdocs/view.php</file>
            <file>file:/C:/xampp/htdocs/update.php</file>
            <file>file:/C:/xampp/htdocs/sub3.html</file>
            <file>file:/C:/xampp/htdocs/main.html</file>
        </group>
    </open-files>
</project-private>
